ESR1,PGR,ERBB2,MKI67,PLAU,ELAVL1,EGFR,BTRC,FBXO6,SHMT2,KRAS,SRPK2,YWHAQ,PDHA1,EWSR1,ZDHHC17,ENO1,DBN1,PLK1,GSK3B,Age,Menopausal State,Size,Radio Therapy,Chemotherapy,Hormone Therapy,Neoplasm Histologic Grade,Cellularity,Surgery-breast conserving,Surgery-mastectomy,DssTime,Event,auto_id,Label,Confidence
7.536846898999999,5.587666116,11.51451403,5.722951221000001,6.741080655,6.321480394,5.4661878360000005,6.956485975,7.673014512999999,9.837095604,7.71913898,5.919548377999999,11.45022615,8.110189481,9.879561682,7.328588614,11.72718716,7.347009886,6.400159463,8.584157904,84,1,28,0,0,0,2,1.0,0,1,36.26666667,1,1002,1,0.57234854
10.39564413,6.531288198,9.075395894,5.440774297000001,7.861422423,5.973843655,5.757119665,6.0266108670000005,7.666777006,9.455256004,7.581342612999999,6.847662644,11.86890785,8.271884844,9.34928702,7.783416302000001,11.07041917,7.468407325,6.286082512999999,6.780408039,64,1,13,1,0,1,2,0.5,1,0,86.06666667,1,1003,0,0.7126695
6.204958365,5.1721107360000005,8.881670794,5.86160868,8.530360987,6.671294372,11.72468344,6.046691895,7.401715426,10.48129861,6.886155089,6.607215375,12.02504647,8.519704527,9.994893661,6.788686058,13.21224599,8.476484101,6.84349414,8.913992332000001,68,1,39,1,1,0,3,0.0,0,1,8.066666667,1,1004,1,0.8805046
10.38491175,6.540470405,10.85596725,6.338578244,8.053959281000001,5.877255826,5.440618937000001,6.941925803999999,7.57471,10.28094639,6.876902316000001,6.068785975,11.21536971,8.532254275,10.10079568,6.487465305,12.41503821,10.22983494,6.671294372,9.848071904,79,1,38,1,0,1,2,1.0,0,1,51.76666667,1,1013,1,0.68385905
7.253475601,5.376422977000001,11.85631072,5.571442757000001,8.600433062,5.680835977,6.57254432,6.214798787,7.747952512999999,9.518144927,7.172433476,6.756162736,11.54590716,7.928501652,10.06113256,7.545537582000001,11.9897985,8.636107015,6.00595617,8.175970165,56,1,34,1,1,0,3,0.0,0,1,17.93333333,1,1018,1,0.55884516
10.68930564,5.316724048,13.04145101,5.955500072,8.379065814,6.102084867,6.089398195,6.652422425,7.650666545,9.472521021,7.243147243999999,7.370324999,11.95533824,8.1898395,9.635892777,7.290491834,11.67648912,8.929645654,6.272636845,8.07150958,55,1,30,0,1,1,2,0.0,0,1,63.8,1,1031,1,0.51151705
11.21799179,7.874823263,10.59986367,5.788012863,9.694524795,5.487884489,5.565607765,6.800837089,7.069196329,9.793557309,7.720468612999999,6.423347217999999,10.93183024,8.154584004,9.1729733,7.615862794,11.73614301,8.889421627,6.777714876,8.614677429,74,1,22,1,0,1,3,1.0,0,1,170.3,1,1040,0,0.64201087
10.09355952,5.908925646,9.986596081,5.268665433,7.712059247999999,6.0888406470000005,6.899478415,6.500586961000001,7.873860704,9.46249029,7.26526967,7.267781417999999,11.64897156,8.252572441,9.559905947,7.548844544,12.20250452,8.25398451,5.963292573,7.778751103999999,54,1,29,0,0,0,2,0.5,0,1,125.3333333,1,1041,0,0.70667934
9.929372543,5.470386052,10.60132814,5.733742459,7.339135617,5.675140945,5.962816838999999,6.762454478,8.606895885,9.731406569,8.068518955,6.545876799,11.83040875,8.214523072999999,9.485530001,7.620360498999999,12.40590755,8.500212778,6.166539883,8.47811268,60,1,50,1,1,1,3,1.0,0,1,36.76666667,1,1069,0,0.581093
5.66672899,5.928919678,11.4971531,5.848476526000001,9.958503512,6.507070819,7.741021963,6.410194118,8.026041773,10.27687069,8.526783637000001,5.943987302999999,11.71341744,8.474848676,9.214095775,7.01841411,12.23450211,8.945258865,7.009007409,8.982126884,60,1,21,1,1,0,3,1.0,1,0,45.8,1,1071,1,0.5497239
10.41601888,8.213195200000001,10.23065695,5.805302423,9.915860623,6.193413699,5.837039632000001,6.262619756,7.906603218,10.25990354,7.548735662999999,6.890025398,11.2201104,8.68931135,9.824862497,7.577448037000001,12.74186786,8.144164548,6.443483717,8.717766642,74,1,23,1,1,1,3,1.0,0,1,59.5,1,1075,0,0.61117464
9.83617569,6.104544188999999,10.60730627,5.813059438,10.37319243,6.22646474,5.8610355620000005,6.262911045,7.984396134,10.05371805,7.203892562,7.040059141,11.69101928,8.566829917,9.207833657,7.490461063,12.54727561,8.620887675,6.305240746,8.750283988,77,1,24,1,0,1,2,1.0,0,1,89.36666667,1,1081,0,0.50510097
9.588608012,7.928097417999999,9.490468145,5.877508289,9.219940931,6.063783415,7.008455232999999,6.0881478520000005,7.309576722,9.74543839,7.705356327,6.626549666,11.73709241,7.76567243,9.203155193,7.613799004,12.65654737,8.812808213,6.456085822,8.578586912,26,0,12,1,0,1,3,1.0,1,0,32.63333333,1,1086,1,0.7914424
5.35922741,5.233656568,11.29508578,5.467575288,7.806072329,7.934446893,6.342534647000001,6.249444863,6.337625056,9.99619148,7.22009066,6.869452366,12.28357584,8.390242473999999,10.18677824,8.099784954,13.60129928,9.57548191,6.21833441,7.666581486,82,1,45,1,0,0,2,0.5,1,0,23.33333333,1,1091,1,0.94115925
6.269372481,5.8372406560000005,13.96232004,5.7141707120000005,9.756134596,6.277116975,6.617990826000001,6.106556931,7.599541137,10.76214877,7.472677347999999,6.170698442999999,11.90034827,8.34563366,9.747491442,7.537386395,12.11159544,9.113542371,6.510266351,8.597567213,57,1,20,1,0,0,2,1.0,1,0,59.7,1,1100,0,0.53554505
6.407398301000001,5.33299095,11.02840481,5.570715316,7.884060497999999,6.1706318,6.52485228,6.087228559,7.607153449,9.7098366,7.734931329,6.053367009,11.91720861,8.532753804,9.604272682,7.083616819,12.20020476,8.891169815,6.15299319,7.939270425,66,1,35,0,0,1,2,0.5,0,1,203.5333333,1,1112,1,0.64452535
11.13100867,5.858880599,13.75595036,5.814533237000001,10.07554953,6.607731306,5.799278817,7.273267966000001,7.371737645,9.550861796,7.87978963,6.164866709,12.49380647,7.946660437999999,9.424798842,7.70282014,11.92752808,9.558873313,6.17263992,7.995980667,62,1,28,1,0,1,3,1.0,0,1,68.26666667,1,1115,0,0.503795
9.248533871,6.568906362999999,10.11983721,5.641996006,10.2916967,6.029912166,6.313961113,6.425376593999999,7.977150194,9.634089543,7.148220961,6.462289625,11.46011864,8.48968507,9.917715219,7.599482824,13.02957886,8.207861872999999,6.355823492000001,8.279885386,58,1,16,1,0,1,3,1.0,1,0,159.0,1,1120,0,0.6322537
6.392100628,5.296098835,10.5059163,6.289781848,8.680809165,5.679301598,6.233838784,6.484188562000001,8.153061808,9.225241437,7.660886922,5.393275537999999,12.04012371,9.716088808,9.799519026,7.049335771,12.69843642,9.609010047,7.843710056,8.112043322,34,0,25,1,1,0,3,1.0,0,1,125.6,1,1122,1,0.90495414
6.644460369,5.270331099,11.92009268,5.964973136,10.70850959,5.97283609,6.185549104,6.318261474,7.749693552999999,9.226837449,7.386531599999999,6.012871075,12.4689407,8.852314551000001,9.663486652,6.930045954,13.08809681,9.049266085,6.671287635,8.727247765,45,0,25,1,1,0,3,1.0,0,1,14.4,1,1124,1,0.7719015
10.73452849,6.5696639370000005,11.75450782,5.983975042000001,9.025151688,6.139525666,5.517538419,7.622465947,7.534593603999999,9.95068645,7.33974912,7.183076791,11.812707199999998,8.243099302000001,9.036794102,7.927987761,12.26563747,8.310822857,6.210493505,8.181701742000001,48,0,12,0,0,0,2,0.5,0,1,114.9,1,1131,0,0.668101
9.41143225,6.837195631,10.8558318,5.766105639,10.08568365,6.06030016,6.139529181,6.312053429,6.86992648,9.909395258,8.105981707,7.205634208999999,11.58998752,7.626384796,9.426307302,7.881289586,12.41901087,9.216680383,6.022002805,8.320539773,46,0,20,0,0,0,1,1.0,0,1,165.16666669999998,1,1136,0,0.6254479
5.9063007370000005,5.46364846,14.46404002,6.392299985,9.654605941,5.907882962,7.112628491000001,6.469777473,7.207031923,10.01843566,7.55234063,6.213072759,12.29128651,8.0701012,9.545729018,7.225060041,11.79005532,8.946046485,6.300069012000001,7.68429206,56,1,20,1,0,0,3,0.5,0,1,37.96666667,1,1143,0,0.57671607
9.96804524,5.324801089,10.00495333,5.502530511000001,9.009375517,6.283008594,6.962801482000001,6.064008457000001,8.160174507999999,9.950960163,7.320278407999999,6.861815592999999,11.79951539,7.857869831,9.77561631,7.540664204,13.00625543,8.58310023,6.455108299,7.990492921,64,1,30,0,0,1,3,1.0,0,1,119.8666667,1,1152,0,0.51523006
6.011115348,5.196353011,10.39966957,5.578338004,10.49137028,6.668654906,7.478691346000001,6.108361701000001,7.540582054,10.31236873,7.559670448999999,5.740689335,12.05271736,8.328821954,9.756610488,7.155276357000001,13.31771625,9.178483002,6.565905156,8.550542444,51,1,35,1,1,0,3,1.0,0,1,32.83333333,1,1153,1,0.69897044
6.91614682,5.46661278,13.24347084,5.800523867000001,9.956997246,6.000460182,5.42845658,6.070764046,8.011430079,10.59419369,7.992104814,7.01353202,12.09941966,8.606146405,9.448230052,7.27125143,12.38390694,8.550240205,6.610442695,8.161672982,51,1,80,1,1,0,3,1.0,0,1,38.03333333,1,1160,1,0.8656912
10.78877387,6.208854983999999,10.55170154,5.98778592,9.131866723,5.944088549,5.619943806,6.55798144,8.121309574,9.538288763,7.682156302999999,6.724637471,11.61687578,8.331120957000001,9.439802991,7.136925056,12.06856699,8.697898259,6.760324925,7.898954023,49,0,22,1,0,1,3,1.0,0,1,126.46666670000002,1,1165,0,0.5295078
12.42099423,6.132833622000001,10.74668674,5.594053296,8.136262408,6.663385495,5.815359725,8.683747026,7.783110538,10.02796715,7.910700537999999,6.856792859,11.6400432,8.493347581,9.787650068,7.203189384,12.29902683,8.874089881,6.435849514,8.849893625,61,1,15,1,0,1,3,1.0,1,0,256.8666667,1,1169,0,0.76565284
9.716331389,6.79894936,9.797240076,6.065368133,8.99834803,7.240110317,5.633526926,6.85417761,7.467236683999999,8.917449862,8.161320706,7.493218811,12.14402121,8.099713889,9.956698653,7.934928023999999,12.1650669,9.369906417,6.605623421000001,8.01779117,64,1,35,0,0,1,3,0.5,0,1,44.73333333,1,1170,0,0.5398329
5.69430967,5.180370984,10.38066072,5.967158042,10.12926626,6.517303065,7.662516908,6.203912793,7.86295925,11.20280706,8.421878001,5.841031943,11.99268245,8.526842168,9.733558064,7.260434785,14.05282573,9.008865426,6.857688037999999,9.348161198,76,1,30,0,0,0,2,0.5,0,1,11.3,1,1171,1,0.7880575
6.246318637000001,5.449432169,9.364230747,6.968921942000001,8.12033113,7.577790019,6.790612147999999,6.311192579,7.868684196,10.54862421,7.228144087,6.672200645,9.81246358,8.69656648,10.55664853,7.169497421,12.84638872,8.354592469,6.733982413,9.506680769,43,0,20,1,1,0,3,0.5,0,1,15.63333333,1,1176,1,0.70927465
7.911716865,5.548133053,11.62949715,6.4412149670000005,8.748108386,7.113106537,5.540184097000001,6.1620965420000005,8.292373629,11.78546399,6.723069745,5.939078966,9.991378945,9.075984801,10.12313607,7.294387046000001,14.05304108,8.807935132999999,6.930947968,9.744106162,70,1,20,1,0,0,3,0.5,1,0,68.13333333,1,1190,1,0.57034343
10.89458486,7.440671132999999,10.79246548,5.977882649,8.847930085,6.339474912999999,6.161277866,6.917986557000001,6.941138973999999,10.02858259,8.362949534,5.971068461000001,11.16106614,8.777967421,9.928550856,7.243584087999999,13.0543655,10.01813238,6.591063427999999,8.318244422000001,59,1,30,0,0,1,3,0.5,0,1,128.53333329999998,1,1191,0,0.6554491
5.534208577999999,5.56632692,14.46428166,6.556082683,7.831826147999999,7.131731329,6.742708867,5.64871476,8.990120324,11.05031358,6.792466448,6.000626408,10.74981423,8.656108064,10.40677577,6.68118706,13.35832254,10.29585224,7.0476836060000005,10.22605361,59,1,8,1,1,0,3,0.5,1,0,11.86666667,1,1192,0,0.6967872
5.743862131,5.2798662830000005,10.98502862,6.166023797,9.326725918,7.260006582999999,7.229502217999999,6.019047946000001,8.36423566,10.84939814,7.209487127,5.757832965,11.48316735,8.474681607,10.02088594,6.971609507999999,13.66802881,9.934071912,6.796206931,10.00410465,44,0,10,1,0,0,3,0.5,0,1,83.36666667,1,1196,1,0.5887528
11.21291728,6.315484262999999,14.25041767,5.957671313,8.355487814,6.085085257999999,5.337509273999999,6.034463729,7.705755191000001,10.40844926,8.178530509,6.286105743999999,11.82433168,8.011228986,9.781660123,7.940447917999999,12.14224336,8.250906543,6.360363794,8.546525586,71,1,45,1,0,1,2,1.0,0,1,85.3,1,1210,0,0.5032868
9.838638599,5.2456429380000005,11.97876401,5.6802004870000005,7.910626574,6.390800059,6.2355095,6.716387876000001,6.601507107000001,9.706852336,7.308637857999999,6.663224531,11.87479268,8.102006621000001,9.982056059,7.629274862000001,11.99487588,9.579538986,6.381837627,8.411981272,67,1,49,0,0,0,3,0.5,0,1,64.0,1,1213,1,0.5197507
6.325852052999999,5.356921023,13.71102083,5.600965426,8.480481294,6.701370483,6.601149824,6.020160572000001,7.283081947,10.77591031,8.049454948,6.360652892999999,11.67669797,8.404955018999999,10.20391386,7.750490205,13.19084741,9.133466826,6.137732198999999,8.680809165,56,1,99,1,1,0,3,0.0,0,1,31.46666667,1,1214,1,0.9085905
5.874314326,5.22678084,10.05235886,6.345439281,8.733781791,7.140752582,7.271025682,6.408313579,7.436915426,11.84889181,8.886218873999999,6.227633192000001,11.58800125,8.245570876,9.444395239,6.876545449,13.176859900000002,9.369396985,7.176978882,8.714150582,67,1,45,0,1,0,3,1.0,0,1,35.23333333,1,1215,1,0.86198795
9.515861637,6.719920621,11.63029089,5.848485198,8.414268949,6.813625187,5.931130175,7.071678883,7.322747645,9.958220394,7.546391112,6.61971869,11.65385999,8.094269807,9.747612999,7.711593662999999,11.96670487,9.352754034,6.602343812999999,9.040060606,52,1,28,1,0,0,3,1.0,1,0,76.13333333,1,1216,1,0.5415643
12.31412922,5.3610914560000005,10.05724464,5.496845164,9.252506788,7.599012497,5.796588722,6.835195212,7.663788328,9.587421133,7.862805412,8.343155407000001,12.40163622,7.804268519,9.945905935,8.130231878,12.15548377,9.537602342,6.223873734,8.539400779,63,1,60,0,0,1,2,1.0,0,1,125.26666670000002,1,1226,0,0.644325
11.91658247,7.464984751,11.0869535,5.90858908,9.729562218,6.260819548,5.740200902000001,6.800033774,7.160187187999999,10.16374786,7.42135181,6.477098519,11.15266534,8.223448442999999,10.09424834,7.164043736,12.37746544,9.375575072,6.146476683,8.982566579,75,1,28,1,0,0,2,1.0,1,0,121.6666667,1,1230,0,0.5481551
5.702697942,5.309556636,10.08229,6.195923983999999,10.99915236,5.95232628,8.361188626,6.1278684420000005,7.540392045,10.41747635,8.068229302,5.995601037999999,11.54778798,8.653131659,9.866437045,7.189728561,14.12719544,9.375088019,6.941138973999999,9.196075472,49,0,20,1,1,0,3,0.0,1,0,40.63333333,1,1232,1,0.5526905
12.03717459,5.499464477,11.58459238,5.828428865,7.528636827000001,6.537742379,5.422890057,6.933206511,7.460592116,9.406249132,8.120134305,7.772216212999999,11.68660446,7.765969263,10.05795114,7.293732983,12.36085336,9.243078044,6.556769067,8.385982611000001,81,1,30,0,0,1,3,0.5,0,1,45.33333333,1,1240,0,0.62013906
11.07463131,7.738088188,10.40904981,5.854470182999999,9.296492282,6.428135255,5.639065603,8.048523883,7.409865746,9.87915195,7.586062557999999,7.085121696,10.79755686,7.988186911000001,9.556002224,7.093569681,12.71642897,9.011765571,6.151752512000001,8.930072999,67,1,30,0,0,1,2,1.0,0,1,29.3,1,1242,0,0.6334314
6.630826002,5.376213187,14.3891675,5.887015614,9.121638574,5.885136346,5.986869457999999,6.216404167,7.453552421,10.01898351,7.953774224,6.855180754,12.02077218,8.357823633999999,9.604197246,7.142704396,12.72000818,9.44065041,6.682982111,9.129551752,41,0,30,0,0,0,3,0.0,0,1,64.86666667,1,1249,1,0.8209731
6.290408792999999,5.250994368,10.78292084,6.188252365,8.640692969,7.21022064,6.726740831,6.491005719,7.441710637999999,10.86789319,7.541992587,6.0105021270000005,11.58315349,9.116408195,9.558702519,6.93844271,13.35220859,9.573930792,7.121000711000001,9.305326026,65,1,19,0,1,0,3,0.5,0,1,20.13333333,1,1258,0,0.5052406
11.11595772,5.618065731000001,10.4568979,6.166852596,7.374473233,6.321508491,5.8530316970000005,6.539207431,7.64123625,9.994890415,8.1083668,6.042369838,11.06859348,7.379186041,9.722189357,8.585701422,12.4019027,8.977877986000001,6.91785524,9.217457418,69,1,60,1,0,1,3,1.0,0,1,69.3,1,1260,1,0.5428084
9.637882409,6.5686482260000005,10.23142131,5.882851916,10.29405323,6.399661759,5.74368063,6.866648956000001,7.221777079,9.459181864,8.098323005,7.159848678,12.04706973,8.095911832999999,9.861806117,7.89762887,12.39169059,8.627853449,6.159623836000001,8.023680688999999,55,1,50,0,0,1,1,1.0,0,1,49.3,1,1263,0,0.5216428
11.45165047,5.43024156,10.42081252,5.961212666000001,6.551024626,6.944244597000001,5.587385224,7.166836462999999,8.177223093,9.406437396,7.321560145,7.1124518960000005,11.69025315,8.224190571,9.618135709,7.437491022000001,11.5677835,7.383468237000001,6.410043697000001,8.037168544,71,1,21,0,0,1,2,1.0,0,1,81.8,1,1269,0,0.6825118
11.28091961,6.62147451,10.65379956,5.7001683960000005,9.640713589,6.2098196660000005,5.701890228,6.904640817000001,7.675861612,10.20783157,7.503683448999999,6.708107567000001,11.3924628,8.161444908,8.924814327,7.105776656000001,12.78327676,8.969756898,6.345995069,8.798091716,62,1,17,1,0,1,3,0.5,1,0,84.83333333,1,1270,0,0.72220916
11.3033571,6.416007487000001,9.320197687,6.227684664,7.551743035,6.336850332999999,5.61439464,6.844474797,7.785888573999999,10.57764774,8.357557328,7.728434213,11.68003915,8.438787895,9.291118721,7.367550597,12.80741006,8.414969247,6.649628967999999,8.833859763,67,1,50,1,0,1,2,1.0,0,1,34.33333333,1,1280,0,0.570627
6.931325703,5.291295582,14.271205300000002,6.469626221,8.755788693,6.495535634,6.958815949,6.173684671,7.353402837999999,11.25779754,7.298933484,6.406673297999999,12.21006568,8.468278852000001,9.806074903,6.834497318,13.11840017,9.84767153,6.953620432999999,9.698283086,47,0,30,1,1,0,3,1.0,1,0,27.8,1,1286,1,0.69621253
5.40495283,5.332674725,8.814491599,6.861453533,7.968383331,6.381650959,6.33931723,5.972593314,6.532320605,10.65789605,6.966092275,6.182450462,12.05711102,9.411521931,9.759308347,7.852036201000001,13.23306023,7.919217553999999,7.452634385,7.383001028,38,0,35,1,0,0,3,0.5,1,0,37.36666667,1,1290,1,0.7168319
9.075572412,6.268676482999999,13.64526025,6.015383438,10.00907355,6.089458868,5.521543743,6.178542652999999,7.374677834,10.03270866,7.948409561,6.634357312000001,11.59936888,8.482945042999999,9.703062676,7.014175297,12.50755227,9.137326024,6.473381356,8.548618321000001,72,1,15,1,0,1,3,0.5,1,0,196.8666667,1,1299,1,0.52837557
11.49817558,5.585832883999999,11.11862266,5.803695124,7.879073179,6.15060615,5.744708087999999,6.521487058,7.914571512,9.51447998,7.024138445,6.875797375,11.85008413,8.400357799,9.789856326,7.770056374,12.10014095,8.404394198,6.199096228999999,8.286227542999999,62,1,25,0,0,1,2,1.0,0,1,223.8333333,1,1301,0,0.6631932
11.19994498,5.19957657,10.97258075,6.220788872000001,9.44630797,6.199683587999999,5.810242034,6.527413915,7.741420044,10.20077521,7.728420258,7.189033182,11.8977883,8.77758975,9.897423764,7.384232204,12.11714233,9.120141725,7.538443872,8.269648058,70,1,15,1,0,1,3,0.5,1,0,52.3,1,1302,0,0.60052
11.12032933,6.256928212,9.10747702,6.72778365,9.278519514,7.0211302060000005,5.558602372,6.715596015,7.214790872999999,9.789242201,8.082412255,7.054515084,11.71935162,7.920969353999999,10.0557323,7.635570302,12.58981285,9.003280891000001,6.536664148,7.906838427999999,60,1,20,0,0,1,3,1.0,0,1,60.86666667,1,1310,0,0.74431425
5.69571941,5.38923808,9.263921382,6.7958099370000005,8.870415524,6.278033716,7.398055366,6.509622087,8.563513675,10.64759239,7.431630362000001,6.333967914,11.5061552,8.409217107,10.24384187,6.8892457920000005,13.77402846,8.733585261,7.140994772000001,8.241862849,49,0,23,0,1,0,3,1.0,1,0,84.9,1,1314,1,0.59880275
9.084962958,5.326672747,12.36005398,5.91702401,9.210534042,5.9441645560000005,5.885793783,6.178020583,7.273086361,10.25298525,7.503396967,6.37278026,12.03103081,8.629091144,9.695952683,7.62973646,12.53525042,9.447053565,7.355689786,9.162902104,60,1,18,1,0,0,3,0.5,1,0,14.16666667,1,1321,0,0.60336655
11.28708412,5.440996941,9.09138875,6.200992981000001,10.09872037,6.343735381,5.759211597,6.029553257000001,8.016403849,10.70020614,7.696497142999999,6.070225512,12.35168142,8.841832745,9.68546792,7.063416645,12.72587388,8.248501293,7.24993327,8.730106053,61,1,20,1,0,1,2,1.0,1,0,51.66666667,1,1326,0,0.77241045
11.27744228,6.300727332,10.86489837,5.774529392000001,8.745057725,6.160021549,5.753543114,6.6775125520000005,7.751467592999999,10.54254114,8.160841827999999,6.7630245570000005,11.53304755,7.879840597999999,9.389739538,7.458679474,12.73392785,9.903919969,6.889270965,9.005652607,76,1,40,0,0,1,2,1.0,0,1,15.36666667,1,1331,1,0.67756385
11.73358125,7.884831652999999,10.63945778,5.897086273999999,9.973839083,6.193664737000001,5.597485172000001,6.70773526,7.31416907,9.207896758,7.831074227999999,7.003011953,11.83062751,8.269788939,9.776498151,7.412159309,11.85850472,8.909040036,6.363073352000001,8.341497443,35,0,45,1,1,1,3,1.0,0,1,102.0,1,1335,1,0.8385051
10.48152087,7.310475961,10.65506829,5.841495717999999,8.818984788,6.863683577000001,5.814371315,8.294654113,7.664278599,9.993719317,7.078445352999999,6.910168955,11.43460615,7.706442958999999,9.536308092,7.403459169,12.26043867,9.119923598,6.218220073,8.39544274,47,0,32,0,0,0,1,0.5,0,1,46.06666667,1,1340,0,0.5970537
11.70717766,5.985420598999999,11.35100439,5.9417779170000005,8.411439793,6.938055602,5.484580967,7.141188191,6.839548963,9.561028727,7.58770268,7.848937216,11.3182161,8.03418288,10.28239578,7.555834239,11.74045256,8.500612195,6.8424961810000005,7.986561837000001,69,1,30,0,0,1,2,1.0,0,1,176.3666667,1,1344,0,0.5788674
7.031565327999999,5.4734970270000005,13.47546079,5.726076985,9.473291694,6.121501387,5.446935459,6.072814193999999,7.663872147999999,10.86940429,7.85848024,7.337084729,12.17250719,8.263395393,9.352406586,7.685235702000001,12.48169083,8.771372891,6.585701567,7.999071011,44,0,25,1,1,0,2,1.0,1,0,42.43333333,1,1355,1,0.78830254
12.36218347,7.492925727999999,11.25762782,5.858691089,9.321454514,6.675946139,5.28786761,7.288038851,7.466056647,9.886714237,8.039718661,8.412012527,10.80669611,7.831711997999999,9.16785568,7.268583246,12.638272099999998,9.287511046,6.394930692999999,7.984461904,72,1,65,0,0,0,3,0.5,0,1,65.83333333,1,1358,1,0.59487444
9.998104232,5.208460636,8.962770297999999,5.839575152,8.490077739,6.217721098999999,5.780979798,6.295387758,8.362366167000001,11.05282234,7.540994207000001,6.855119834,11.45496894,8.272299999,9.53893854,7.537844972,12.50128486,8.059966571,6.357679068,8.21659287,80,1,25,1,0,1,2,0.5,0,1,79.1,1,1365,0,0.5377632
8.032378112,6.204137293,9.985438223,5.840079385,8.910516589,6.474534345,7.731095914,6.264702017,7.026614599999999,9.711409155,6.90553343,6.472802545,12.18884298,8.144475044,10.23939482,7.736932642999999,13.52965185,8.876245567,6.264429957999999,8.884817897000001,42,0,48,1,1,0,3,0.0,0,1,18.83333333,1,1369,1,0.80204964
11.01337749,6.940459155,10.13039272,5.396245784,7.700868402,6.063141401,6.713368445,7.059336326,7.457717452000001,9.842497734,7.788070253,6.967274893,11.71513034,7.799927111000001,9.761033104,7.45949054,11.91802714,8.445823627000001,6.051432152,7.965467154,54,1,30,0,0,1,2,0.5,0,1,167.93333330000002,1,1373,0,0.74219966
11.20233261,5.802144338,10.54036895,5.70992031,9.120650244,6.089554889,6.023070597,6.407378784,7.290909993,9.414341302,7.44710592,6.700212496,11.09963352,8.384621822,9.856422056,7.473603732999999,12.20625553,9.100846493,6.176498632,8.118417675,62,1,17,1,0,0,3,0.0,1,0,116.4333333,1,1374,0,0.7053927
11.65898781,7.396273106000001,10.7007553,5.820866822,7.697242277000001,7.149410903,5.523949136000001,8.669461294,7.398109477999999,9.933807869,7.576612076,7.908874354,11.9245604,8.246151852,9.826466396,7.991321949,11.86629167,7.76979826,6.220470676000001,6.8225943760000005,79,1,31,0,0,1,2,0.5,0,1,42.06666667,1,1375,1,0.5394336
11.08703602,7.727252442,10.49080076,5.902790616,9.281744822,6.117342234,5.799126675,6.917227111,7.41839491,9.812163447,7.298255998999999,7.201096375,11.68816425,8.193919326,9.3803819,7.325067912000001,12.56240835,8.97733034,6.205813919,8.075391642,65,1,25,0,0,0,2,0.0,0,1,143.16666669999998,1,1380,0,0.62244093
6.12976084,5.051655568,9.713816073,6.103681657,8.186021249,6.545709603,7.010651431,5.54391507,7.482746092999999,11.71129612,8.097612267,5.912582947000001,11.63974782,9.196044045,9.274164546,6.822978892,13.20483613,9.039457908,7.148135354,8.878044804,28,0,80,0,1,0,3,1.0,0,1,10.63333333,1,1391,1,0.97591656
9.515446684,5.390187257999999,9.823725814,5.941982058,10.2083553,6.01029749,5.952711193,6.136965363,7.400818518999999,9.289410378,7.635634891,6.926777717999999,11.91785603,8.081347345,9.144322459,7.65409659,11.758330699999998,8.83951595,6.55785034,8.191333808,85,1,37,0,0,1,3,0.5,0,1,25.63333333,1,1395,1,0.70393246
8.066102209,6.021993008,13.82246728,6.039527844,10.33220106,5.858062087,5.719252523,5.866562276,8.361019017,9.416735994,7.533845352,7.397150422999999,11.80053692,8.200028247,9.615132233,7.147714624,12.0209506,8.96987228,6.6021641220000005,8.592346516000001,49,0,25,0,0,0,3,1.0,0,1,58.93333333,1,1397,1,0.60654104
7.698423425,6.63023477,10.63285666,5.714210794,10.13967934,5.751830734,6.59013781,6.2139803460000005,6.596987585,9.796397318,7.596713007999999,6.595009501,11.48235811,8.283040769,9.705520108,7.670714312,12.89167193,9.110883953,6.188688792000001,8.848757963999999,44,0,25,1,1,0,2,1.0,0,1,52.46666667,1,1400,1,0.68547434
11.05812088,5.884802084,9.820345293,5.779689995,9.609713112,6.920311455,5.646689475,6.153530134,6.759632666,9.298073819,7.563799997,8.174097741,12.01664539,8.337943236000001,9.85808946,7.603029581,11.31659831,8.626000764,6.555505555,8.797748468,74,1,23,1,0,1,3,1.0,1,0,100.3,1,1409,0,0.643011
12.42597155,5.632057799,8.068928756,5.985359646,8.237551478,6.722702285,5.616114968,7.762471136,7.555418357000001,8.905342091,7.130072912999999,7.581633565,11.24902889,7.895651912999999,9.62061462,7.416174665,12.22108922,7.98987666,6.358980513,7.828185272000001,76,1,60,1,0,1,1,1.0,0,1,18.26666667,1,1411,1,0.50372624
7.613679599,5.578821924,14.46428166,5.518227115,9.744106162,5.60528214,6.264312195,6.646114302999999,7.372258925,9.963947749,7.439435158999999,6.200503411000001,12.42282792,8.425185447999999,9.371092462,7.401715426,12.44989589,8.807629153999999,6.537672594,7.652642531000001,45,0,50,1,1,0,3,0.5,0,1,32.06666667,1,1419,1,0.856385
7.402833479,5.481029866,9.868182078,5.624236512,9.916427834,6.0852794160000006,6.34328396,6.054101108999999,7.728900638,9.756288138,7.60447614,6.585348606,12.09769782,7.89514834,9.297022759,7.351246014,12.73445597,9.120059319,6.343986147000001,8.000625304,78,1,62,0,0,1,2,0.5,0,1,49.2,1,1420,1,0.84333664
11.03573123,6.579805307000001,14.1535146,5.534136345,9.180789672,6.017725598999999,6.299013099,6.388802562,7.479110759,10.13967934,7.926861044,6.792547814,11.83645574,8.096761581,9.967590094,7.713524386,13.27118759,9.554767292,6.648916205,8.704466382,64,1,22,1,1,1,2,0.5,1,0,65.13333333,1,1422,1,0.56973034
11.17737261,5.289198085,10.75203362,5.897775889,10.38304429,7.2961333,5.786119458,6.3078080110000005,7.474065157999999,10.86555643,7.479581707999999,6.204654139,11.35215757,8.302337213,9.537608851,8.00401381,12.60578505,9.218235064,6.512291727999999,8.474337841,63,1,20,1,0,1,2,1.0,1,0,85.93333333,1,1423,0,0.6554363
12.21672132,5.51814439,11.97086615,6.497097229,8.0653723,6.426883315,5.409204282999999,6.503580501,8.251690182,10.12313607,8.113765166,5.564240863999999,10.83061937,8.55000995,9.578638025,7.845294702999999,12.49761831,9.481225978,7.103566017,9.104905709,72,1,31,1,0,1,3,1.0,1,0,102.9666667,1,1430,0,0.54587364
11.0502581,5.361670867,9.424651429,6.489388045,8.299958225,6.422778162,5.706519594,6.598701082000001,7.400818518999999,10.87385021,7.611662442,6.276757793,10.95007234,8.03413863,9.131500929,7.746938273,12.84090582,9.305580468,7.096914561,8.558510147,58,1,21,1,1,1,2,1.0,1,0,143.6,1,1438,0,0.6457288
5.4888998970000005,5.570344437,10.32395255,6.617518307999999,8.187750271,6.189205554,7.926516629,6.721994617000001,8.013386958,11.25881373,8.052868145,5.850247326,11.70761385,8.010939283999999,9.965748096,7.169098892,13.88462155,10.07388285,6.946219812000001,9.195065286,49,0,38,1,1,1,3,1.0,0,1,55.0,1,1442,1,0.6310629
11.42359062,5.336257641,10.33831954,6.07603438,7.957547237999999,7.92264492,5.428955961000001,7.280036816,6.841198171,9.92678187,7.930635125,8.477279173,11.87928459,8.059253607999999,10.54841106,7.095661185,12.03215547,8.209107316,6.784154966,8.248024388,67,1,17,0,1,1,3,1.0,0,1,53.36666667,1,1443,0,0.76930976
6.143563362,5.285066651,12.96670543,5.75190677,10.0572131,6.111441424,7.660974717,6.284927132999999,7.949966852,10.30252594,7.561020335,5.970545925,11.6814522,9.012710239,9.395520627,7.073515267,12.78323206,10.04999811,6.692693606000001,9.383869636,48,0,17,1,0,0,3,0.5,1,0,51.0,1,1446,1,0.5213171
11.56356939,5.534382755,9.898011994,5.742904847,8.866161813,6.338568681,6.053926815,6.461316603999999,7.517945701,10.37797608,7.059196739,6.42340228,11.13781833,8.21427611,9.837925295,7.493367962000001,12.17451583,8.32845608,6.172033644,9.457680548,60,1,35,1,0,1,3,0.5,1,0,42.96666667,1,1451,0,0.67228323
6.074817403,5.218276996,12.54515629,6.117034155,10.57924053,6.249008862,6.086557963,6.153012061,8.119609636,10.81773617,9.937244619,6.4583724060000005,11.93105528,8.751192251,9.545506808,7.260006582999999,12.95062533,10.12559602,6.508259705,9.162533956,51,1,16,1,1,1,3,0.5,0,1,49.53333333,1,1454,0,0.5392411
11.42427846,5.372667477,10.86472853,6.410957152000001,6.787170521,6.926254556,5.685225932000001,7.046461095,6.946619509,9.987551756,7.86964067,5.834081313,12.33538637,8.297450815,9.849713388,7.425201986,11.24517656,9.321137809,6.654875689,8.723850179,54,1,30,1,1,1,2,0.5,1,0,28.86666667,1,1455,0,0.5531745
8.69046684,6.673764359,9.97978259,5.392178585,8.183584183999999,6.128114882,6.666687753,6.210969522999999,7.272579915,9.802585693,7.049730818,7.22797929,11.94232899,7.943327228999999,9.441814155,7.273883645,12.77258925,8.486554172,6.066016323,7.756437111,51,1,65,0,0,1,2,0.5,0,1,126.6666667,1,1459,1,0.5524102
11.05319832,7.478068887,10.22857031,5.725042319,8.831186822000001,5.996120014,5.44769598,6.70645319,7.870678756,10.36528645,8.137395522,7.160124881000001,11.84571054,8.878724209,9.026781591,7.530612195,12.69436851,8.47528421,6.7992103,8.417180214,62,1,25,1,0,1,3,1.0,0,1,175.9666667,1,1464,0,0.6421312
